Sharpe,Sortino,MaxDrawdown,AnnualizedReturn
-0.38435667429344883,-0.5784303327485977,-0.023339288335170832,-0.005547027474998332
