Sharpe,Sortino,MaxDrawdown,AnnualizedReturn
1.8036216882616338,2.9472017290077126,-0.10331563549680356,0.2361805703460436
