Sharpe,Sortino,MaxDrawdown,AnnualizedReturn
0.42473713407878994,0.6791492918913893,-0.00665745133933575,0.002185908494392876
